,age,income,children,gender_FEMALE,gender_MALE,region_INNER_CITY,region_RURAL,region_SUBURBAN,region_TOWN,married_NO,married_YES,car_NO,car_YES,savings_acct_NO,savings_acct_YES,current_acct_NO,current_acct_YES,mortgage_NO,mortgage_YES,pep_NO,pep_YES
0,0.61,0.22,0.33,1,0,1,0,0,0,1,0,1,0,1,0,1,0,1,0,0,1
1,0.45,0.43,1.00,0,1,0,0,0,1,0,1,0,1,1,0,0,1,0,1,1,0
2,0.67,0.20,0.00,1,0,1,0,0,0,0,1,0,1,0,1,0,1,1,0,1,0
3,0.10,0.26,1.00,1,0,0,0,0,1,0,1,1,0,1,0,0,1,1,0,1,0
4,0.80,0.78,0.00,1,0,0,1,0,0,0,1,1,0,0,1,1,0,1,0,1,0
5,0.80,0.57,0.67,1,0,0,0,0,1,0,1,1,0,0,1,0,1,1,0,0,1
6,0.08,0.07,0.00,0,1,0,1,0,0,1,0,1,0,1,0,0,1,1,0,0,1
7,0.82,0.34,0.00,0,1,0,0,0,1,0,1,0,1,0,1,0,1,1,0,1,0
8,0.39,0.35,0.67,1,0,0,0,1,0,0,1,0,1,1,0,1,0,1,0,1,0
9,0.73,0.33,0.67,0,1,0,0,0,1,0,1,0,1,0,1,0,1,1,0,1,0
10,0.98,0.94,0.00,1,0,0,0,0,1,0,1,1,0,0,1,0,1,1,0,1,0
11,0.69,0.37,0.00,1,0,1,0,0,0,1,0,0,1,0,1,0,1,0,1,1,0
12,0.53,0.18,0.33,1,0,0,0,0,1,0,1,1,0,0,1,0,1,0,1,0,1
13,0.98,0.86,0.33,1,0,0,0,0,1,0,1,0,1,0,1,0,1,0,1,0,1
14,0.37,0.25,0.00,0,1,0,1,0,0,0,1,1,0,0,1,0,1,0,1,1,0
15,0.41,0.30,0.00,1,0,1,0,0,0,0,1,0,1,0,1,0,1,0,1,1,0
16,0.39,0.22,0.67,1,0,0,0,0,1,0,1,1,0,1,0,1,0,0,1,1,0
17,0.57,0.62,0.00,1,0,0,0,1,0,0,1,1,0,0,1,1,0,0,1,1,0
18,0.90,0.38,0.00,1,0,1,0,0,0,0,1,1,0,0,1,1,0,1,0,0,1
19,0.27,0.30,0.00,0,1,0,0,0,1,0,1,0,1,0,1,0,1,1,0,1,0
20,0.88,0.91,0.67,0,1,1,0,0,0,0,1,1,0,0,1,1,0,1,0,0,1
21,0.65,0.20,0.67,0,1,0,0,0,1,0,1,1,0,0,1,0,1,1,0,1,0
22,0.73,0.58,0.00,0,1,1,0,0,0,0,1,1,0,0,1,0,1,1,0,1,0
23,0.18,0.18,0.00,1,0,0,0,0,1,1,0,0,1,0,1,0,1,0,1,1,0
24,0.08,0.13,0.67,0,1,1,0,0,0,1,0,0,1,0,1,0,1,1,0,1,0
25,0.78,0.62,0.00,0,1,1,0,0,0,0,1,0,1,0,1,0,1,0,1,1,0
26,0.55,0.27,0.00,0,1,1,0,0,0,0,1,1,0,0,1,0,1,0,1,1,0
27,0.43,0.26,0.33,1,0,0,0,0,1,0,1,1,0,1,0,0,1,1,0,0,1
28,0.43,0.42,1.00,1,0,1,0,0,0,1,0,0,1,1,0,0,1,0,1,1,0
29,0.88,0.33,0.33,0,1,0,1,0,0,0,1,1,0,1,0,0,1,1,0,0,1
30,0.88,0.31,0.67,1,0,0,1,0,0,0,1,1,0,0,1,0,1,1,0,1,0
31,0.04,0.19,0.67,1,0,0,0,0,1,0,1,1,0,0,1,1,0,1,0,1,0
32,0.55,0.32,0.33,0,1,0,0,1,0,0,1,0,1,0,1,0,1,1,0,0,1
33,0.31,0.43,1.00,1,0,1,0,0,0,1,0,0,1,0,1,1,0,1,0,1,0
34,0.51,0.56,0.00,0,1,0,0,1,0,1,0,1,0,0,1,0,1,1,0,0,1
35,0.18,0.26,0.67,1,0,1,0,0,0,0,1,1,0,0,1,0,1,1,0,1,0
36,0.02,0.10,1.00,0,1,0,1,0,0,0,1,0,1,0,1,0,1,1,0,1,0
37,0.37,0.14,0.00,1,0,0,1,0,0,1,0,0,1,1,0,0,1,1,0,0,1
38,0.51,0.23,0.00,1,0,0,0,0,1,0,1,0,1,0,1,0,1,1,0,1,0
39,0.98,0.35,0.67,1,0,0,0,1,0,1,0,1,0,1,0,0,1,1,0,1,0
40,0.76,0.37,0.00,0,1,0,0,0,1,0,1,1,0,1,0,0,1,0,1,0,1
41,0.59,0.38,0.00,1,0,1,0,0,0,0,1,0,1,1,0,0,1,1,0,1,0
42,1.00,0.87,0.67,0,1,0,0,0,1,1,0,0,1,0,1,1,0,1,0,0,1
43,0.29,0.39,0.00,1,0,0,0,0,1,0,1,0,1,1,0,0,1,0,1,1,0
44,0.04,0.15,0.67,0,1,1,0,0,0,1,0,0,1,0,1,0,1,0,1,1,0
45,0.94,0.82,0.67,0,1,1,0,0,0,0,1,1,0,0,1,0,1,0,1,0,1
46,0.65,0.14,0.33,1,0,1,0,0,0,1,0,0,1,0,1,0,1,1,0,0,1
47,0.22,0.14,0.67,0,1,1,0,0,0,1,0,1,0,0,1,0,1,0,1,0,1
48,0.69,0.59,0.67,0,1,1,0,0,0,1,0,0,1,1,0,0,1,1,0,0,1
49,0.59,0.22,0.67,1,0,0,1,0,0,0,1,0,1,0,1,1,0,1,0,1,0
50,0.12,0.16,0.67,0,1,0,0,0,1,1,0,0,1,0,1,1,0,1,0,1,0
51,0.37,0.32,0.00,0,1,0,0,0,1,0,1,1,0,1,0,1,0,1,0,1,0
52,0.51,0.19,0.33,0,1,0,0,0,1,0,1,1,0,0,1,0,1,1,0,0,1
53,0.61,0.43,0.33,0,1,0,0,1,0,1,0,1,0,0,1,0,1,1,0,0,1
54,0.92,0.89,0.00,0,1,0,0,0,1,0,1,1,0,0,1,0,1,0,1,1,0
55,0.69,0.74,1.00,1,0,0,1,0,0,1,0,1,0,0,1,1,0,1,0,0,1
56,0.82,0.34,0.00,1,0,1,0,0,0,1,0,1,0,1,0,0,1,1,0,0,1
57,0.20,0.31,0.00,0,1,1,0,0,0,0,1,1,0,0,1,0,1,1,0,0,1
58,0.22,0.17,0.00,1,0,1,0,0,0,0,1,1,0,1,0,0,1,1,0,1,0
59,0.33,0.35,0.33,0,1,1,0,0,0,1,0,0,1,0,1,0,1,0,1,0,1
60,0.49,0.34,0.33,1,0,1,0,0,0,0,1,1,0,0,1,0,1,0,1,0,1
61,0.96,0.54,0.33,1,0,1,0,0,0,1,0,0,1,1,0,0,1,1,0,0,1
62,0.59,0.38,0.67,0,1,1,0,0,0,0,1,1,0,0,1,0,1,1,0,1,0
63,0.04,0.12,0.00,0,1,1,0,0,0,0,1,1,0,0,1,1,0,1,0,1,0
64,0.06,0.00,0.00,0,1,0,0,0,1,1,0,0,1,0,1,0,1,0,1,1,0
65,0.49,0.21,0.00,0,1,1,0,0,0,0,1,1,0,0,1,0,1,1,0,1,0
66,0.02,0.10,0.67,0,1,0,0,0,1,1,0,1,0,0,1,0,1,1,0,1,0
67,0.47,0.51,0.00,1,0,0,0,0,1,1,0,1,0,0,1,0,1,0,1,1,0
68,0.24,0.25,0.67,0,1,0,0,0,1,1,0,1,0,0,1,0,1,1,0,1,0
69,0.27,0.09,0.67,1,0,0,1,0,0,0,1,1,0,1,0,0,1,1,0,0,1
70,0.14,0.16,1.00,0,1,1,0,0,0,0,1,0,1,0,1,0,1,1,0,1,0
71,0.06,0.05,0.00,0,1,1,0,0,0,1,0,1,0,1,0,0,1,1,0,0,1
72,0.37,0.46,1.00,0,1,1,0,0,0,0,1,0,1,0,1,0,1,0,1,0,1
73,0.82,0.31,0.67,1,0,1,0,0,0,0,1,1,0,0,1,1,0,0,1,1,0
74,0.94,0.82,0.67,1,0,1,0,0,0,1,0,0,1,0,1,0,1,1,0,0,1
75,0.84,0.53,0.67,1,0,0,1,0,0,1,0,0,1,1,0,1,0,1,0,0,1
76,0.55,0.38,0.00,1,0,0,0,0,1,1,0,1,0,0,1,0,1,0,1,1,0
77,0.88,0.76,0.33,0,1,1,0,0,0,0,1,0,1,0,1,0,1,0,1,0,1
78,0.24,0.17,0.00,1,0,1,0,0,0,0,1,0,1,1,0,0,1,1,0,1,0
79,0.82,0.51,0.67,1,0,0,0,0,1,0,1,0,1,0,1,1,0,1,0,0,1
80,0.65,0.29,1.00,1,0,0,0,0,1,1,0,1,0,0,1,0,1,1,0,0,1
81,0.24,0.39,1.00,0,1,1,0,0,0,1,0,1,0,1,0,0,1,1,0,1,0
82,0.22,0.13,0.33,1,0,1,0,0,0,0,1,1,0,0,1,0,1,1,0,1,0
83,0.35,0.20,0.33,0,1,1,0,0,0,0,1,1,0,0,1,0,1,1,0,0,1
84,0.90,0.33,0.00,0,1,1,0,0,0,0,1,1,0,1,0,0,1,0,1,0,1
85,0.37,0.46,0.33,0,1,1,0,0,0,0,1,0,1,0,1,0,1,1,0,0,1
86,0.14,0.18,0.00,1,0,1,0,0,0,0,1,1,0,0,1,0,1,1,0,1,0
87,0.98,0.30,0.00,1,0,0,0,0,1,1,0,0,1,0,1,0,1,0,1,1,0
88,0.24,0.19,0.00,0,1,0,0,1,0,0,1,0,1,0,1,1,0,0,1,1,0
89,0.73,0.45,0.67,1,0,1,0,0,0,0,1,1,0,1,0,0,1,1,0,0,1
90,0.39,0.34,0.33,0,1,0,0,0,1,0,1,0,1,1,0,0,1,0,1,0,1
91,0.20,0.35,0.67,1,0,1,0,0,0,1,0,1,0,0,1,0,1,0,1,1,0
92,0.71,0.51,0.00,1,0,0,1,0,0,1,0,1,0,1,0,0,1,1,0,0,1
93,0.88,0.65,0.67,0,1,1,0,0,0,0,1,0,1,0,1,0,1,1,0,1,0
94,0.88,0.62,0.00,1,0,1,0,0,0,0,1,0,1,0,1,1,0,1,0,1,0
95,0.00,0.09,0.00,1,0,1,0,0,0,0,1,1,0,0,1,0,1,1,0,1,0
96,0.08,0.05,0.33,0,1,1,0,0,0,0,1,1,0,1,0,1,0,0,1,1,0
97,0.33,0.44,0.67,0,1,0,0,0,1,0,1,0,1,0,1,0,1,0,1,0,1
98,0.35,0.12,0.67,1,0,1,0,0,0,1,0,1,0,0,1,0,1,1,0,1,0
99,0.00,0.18,0.00,1,0,0,1,0,0,0,1,0,1,1,0,0,1,1,0,1,0
100,0.73,0.37,0.33,0,1,1,0,0,0,0,1,1,0,0,1,0,1,0,1,0,1
101,0.18,0.11,0.67,1,0,1,0,0,0,0,1,0,1,0,1,0,1,1,0,1,0
102,0.49,0.18,0.00,0,1,1,0,0,0,0,1,0,1,1,0,0,1,0,1,0,1
103,0.51,0.48,0.00,0,1,0,0,0,1,1,0,1,0,0,1,0,1,0,1,1,0
104,0.94,0.51,0.33,1,0,1,0,0,0,0,1,1,0,0,1,0,1,1,0,0,1
105,0.51,0.47,1.00,0,1,0,0,0,1,0,1,0,1,0,1,0,1,1,0,1,0
106,0.63,0.72,0.00,0,1,0,1,0,0,0,1,0,1,0,1,1,0,1,0,1,0
107,0.10,0.14,0.00,0,1,1,0,0,0,0,1,1,0,1,0,0,1,1,0,1,0
108,0.10,0.13,0.00,0,1,1,0,0,0,1,0,1,0,0,1,0,1,1,0,0,1
109,0.24,0.33,0.67,1,0,1,0,0,0,0,1,0,1,0,1,0,1,0,1,1,0
110,0.37,0.56,0.67,0,1,0,0,0,1,1,0,1,0,0,1,0,1,1,0,0,1
111,0.33,0.35,1.00,0,1,1,0,0,0,0,1,0,1,1,0,1,0,0,1,1,0
112,0.67,0.55,0.00,1,0,1,0,0,0,0,1,0,1,1,0,0,1,1,0,1,0
113,0.37,0.49,0.67,0,1,0,0,0,1,1,0,0,1,0,1,0,1,1,0,0,1
114,0.78,0.66,0.33,0,1,1,0,0,0,0,1,0,1,0,1,0,1,1,0,0,1
115,0.73,0.74,0.00,1,0,1,0,0,0,0,1,1,0,0,1,0,1,1,0,1,0
116,0.78,0.29,0.67,1,0,0,0,0,1,0,1,1,0,0,1,1,0,1,0,1,0
117,0.16,0.09,1.00,0,1,1,0,0,0,0,1,1,0,0,1,0,1,0,1,1,0
118,0.43,0.21,0.00,0,1,0,0,0,1,1,0,0,1,1,0,1,0,1,0,0,1
119,0.94,0.70,1.00,1,0,0,1,0,0,0,1,0,1,0,1,0,1,1,0,0,1
120,0.57,0.42,0.67,0,1,0,1,0,0,1,0,1,0,0,1,1,0,0,1,1,0
121,0.90,0.86,0.33,1,0,0,1,0,0,0,1,0,1,0,1,0,1,1,0,0,1
122,0.37,0.27,0.33,1,0,0,0,0,1,0,1,1,0,0,1,1,0,0,1,0,1
123,0.35,0.48,0.33,1,0,0,1,0,0,1,0,1,0,0,1,0,1,1,0,0,1
124,0.59,0.69,1.00,0,1,0,1,0,0,1,0,0,1,0,1,1,0,1,0,0,1
125,0.59,0.58,0.67,0,1,1,0,0,0,0,1,1,0,1,0,0,1,1,0,0,1
126,0.39,0.35,0.00,1,0,0,0,0,1,0,1,0,1,0,1,0,1,1,0,1,0
127,0.61,0.65,0.00,1,0,1,0,0,0,0,1,1,0,0,1,0,1,1,0,1,0
128,0.47,0.16,1.00,0,1,0,0,0,1,0,1,0,1,0,1,0,1,1,0,1,0
129,0.18,0.28,0.00,1,0,0,1,0,0,1,0,0,1,0,1,0,1,1,0,0,1
130,0.51,0.31,0.67,0,1,1,0,0,0,1,0,1,0,1,0,0,1,1,0,1,0
131,0.88,0.63,1.00,0,1,0,1,0,0,0,1,1,0,0,1,0,1,0,1,1,0
132,0.69,0.20,0.67,1,0,0,0,1,0,1,0,0,1,0,1,0,1,1,0,1,0
133,0.94,0.54,0.00,1,0,0,0,1,0,0,1,0,1,1,0,0,1,1,0,1,0
134,0.98,0.94,0.67,1,0,0,0,0,1,0,1,0,1,0,1,0,1,0,1,0,1
135,0.71,0.45,0.33,1,0,0,0,0,1,0,1,0,1,0,1,0,1,1,0,0,1
136,0.04,0.16,0.67,1,0,1,0,0,0,0,1,0,1,1,0,0,1,0,1,1,0
137,0.80,0.59,0.00,1,0,1,0,0,0,1,0,1,0,0,1,0,1,1,0,0,1
138,0.96,0.64,0.00,1,0,0,1,0,0,0,1,1,0,0,1,0,1,1,0,1,0
139,0.94,0.86,0.33,1,0,1,0,0,0,1,0,1,0,0,1,0,1,1,0,0,1
140,0.69,0.55,1.00,0,1,1,0,0,0,0,1,1,0,0,1,0,1,1,0,1,0
141,0.59,0.31,0.00,1,0,1,0,0,0,0,1,1,0,1,0,0,1,1,0,1,0
142,0.20,0.21,0.33,1,0,0,0,0,1,0,1,0,1,1,0,1,0,0,1,1,0
143,0.94,0.76,0.00,0,1,0,0,0,1,0,1,0,1,0,1,0,1,0,1,1,0
144,0.14,0.24,0.33,0,1,1,0,0,0,0,1,1,0,0,1,0,1,1,0,0,1
145,0.82,0.79,0.00,0,1,0,0,1,0,0,1,1,0,0,1,1,0,0,1,0,1
146,0.33,0.26,0.67,0,1,0,0,0,1,0,1,0,1,1,0,0,1,1,0,1,0
147,0.04,0.24,0.67,1,0,1,0,0,0,1,0,1,0,0,1,0,1,1,0,1,0
148,0.92,0.36,0.00,0,1,0,1,0,0,0,1,0,1,0,1,1,0,1,0,1,0
149,0.24,0.40,1.00,1,0,0,0,1,0,0,1,0,1,0,1,0,1,1,0,1,0
150,0.71,0.40,0.33,0,1,0,1,0,0,0,1,0,1,0,1,0,1,1,0,0,1
151,0.51,0.54,0.67,0,1,0,0,0,1,1,0,0,1,1,0,0,1,1,0,0,1
152,0.92,0.85,0.67,0,1,0,0,0,1,0,1,1,0,0,1,1,0,0,1,0,1
153,0.31,0.34,0.33,0,1,1,0,0,0,0,1,1,0,0,1,0,1,0,1,0,1
154,0.47,0.32,0.67,0,1,0,1,0,0,1,0,0,1,1,0,1,0,1,0,1,0
155,0.04,0.05,0.67,1,0,0,0,1,0,0,1,1,0,0,1,0,1,1,0,0,1
156,0.65,0.37,0.00,0,1,0,0,0,1,0,1,0,1,0,1,0,1,1,0,1,0
157,0.12,0.27,0.67,0,1,0,1,0,0,0,1,0,1,0,1,0,1,1,0,1,0
158,0.86,0.28,0.00,1,0,0,0,0,1,0,1,1,0,1,0,0,1,1,0,0,1
159,0.53,0.18,0.33,1,0,0,0,0,1,0,1,1,0,0,1,0,1,1,0,0,1
160,0.10,0.24,0.67,0,1,1,0,0,0,0,1,0,1,0,1,0,1,1,0,1,0
161,0.45,0.14,0.00,1,0,1,0,0,0,0,1,1,0,1,0,1,0,1,0,1,0
162,0.63,0.27,1.00,1,0,0,0,0,1,1,0,1,0,1,0,0,1,1,0,1,0
163,0.06,0.04,0.33,1,0,0,0,0,1,1,0,0,1,1,0,0,1,1,0,1,0
164,0.45,0.34,0.00,1,0,1,0,0,0,0,1,1,0,1,0,1,0,1,0,1,0
165,0.16,0.33,0.33,0,1,0,1,0,0,0,1,1,0,1,0,0,1,0,1,0,1
166,0.04,0.08,0.33,0,1,0,0,0,1,1,0,1,0,0,1,0,1,0,1,1,0
167,0.12,0.06,0.33,0,1,1,0,0,0,1,0,1,0,1,0,1,0,0,1,1,0
168,0.39,0.37,0.00,1,0,0,0,0,1,1,0,0,1,0,1,0,1,1,0,1,0
169,0.78,0.50,0.00,0,1,1,0,0,0,0,1,1,0,1,0,0,1,1,0,1,0
170,0.69,0.76,0.00,0,1,1,0,0,0,0,1,0,1,0,1,0,1,1,0,1,0
171,0.08,0.25,0.67,0,1,1,0,0,0,0,1,1,0,1,0,0,1,1,0,1,0
172,0.35,0.33,1.00,0,1,1,0,0,0,0,1,0,1,0,1,0,1,1,0,1,0
173,0.33,0.38,0.33,0,1,0,1,0,0,0,1,0,1,0,1,0,1,1,0,0,1
174,1.00,0.63,0.67,1,0,0,0,0,1,0,1,1,0,0,1,0,1,1,0,0,1
175,0.82,0.88,0.00,1,0,1,0,0,0,1,0,1,0,0,1,0,1,1,0,0,1
176,0.45,0.56,0.00,0,1,0,0,0,1,0,1,0,1,0,1,0,1,1,0,1,0
177,0.47,0.43,0.00,1,0,1,0,0,0,0,1,0,1,0,1,0,1,0,1,0,1
178,0.51,0.18,0.00,0,1,1,0,0,0,0,1,1,0,1,0,1,0,1,0,0,1
179,0.92,0.53,0.67,0,1,1,0,0,0,0,1,1,0,1,0,0,1,1,0,0,1
180,0.08,0.22,0.33,1,0,1,0,0,0,0,1,1,0,0,1,0,1,0,1,0,1
181,0.86,0.89,0.00,0,1,0,1,0,0,1,0,1,0,0,1,0,1,1,0,0,1
182,0.96,0.56,0.00,1,0,1,0,0,0,1,0,0,1,0,1,0,1,0,1,1,0
183,0.61,0.23,0.67,1,0,1,0,0,0,0,1,0,1,0,1,0,1,0,1,1,0
184,0.41,0.42,0.00,1,0,1,0,0,0,1,0,0,1,0,1,1,0,0,1,1,0
185,0.63,0.48,0.33,0,1,0,1,0,0,0,1,0,1,0,1,0,1,0,1,0,1
186,0.04,0.23,0.00,1,0,1,0,0,0,0,1,1,0,1,0,1,0,0,1,0,1
187,0.61,0.51,0.33,1,0,0,0,0,1,0,1,1,0,1,0,0,1,1,0,0,1
188,0.41,0.51,0.67,0,1,1,0,0,0,0,1,0,1,1,0,0,1,0,1,1,0
189,0.47,0.29,0.00,1,0,1,0,0,0,0,1,1,0,1,0,0,1,1,0,1,0
190,1.00,1.00,0.67,1,0,0,0,1,0,0,1,0,1,0,1,0,1,1,0,0,1
191,0.43,0.17,0.33,0,1,1,0,0,0,0,1,0,1,0,1,1,0,1,0,1,0
192,0.94,0.76,1.00,1,0,0,1,0,0,0,1,1,0,0,1,0,1,1,0,0,1
193,0.47,0.19,0.00,0,1,1,0,0,0,0,1,0,1,1,0,0,1,0,1,0,1
194,0.76,0.54,0.67,0,1,0,0,1,0,0,1,0,1,1,0,0,1,1,0,0,1
195,0.69,0.22,0.33,0,1,1,0,0,0,0,1,1,0,0,1,1,0,0,1,0,1
196,0.24,0.24,0.00,1,0,1,0,0,0,1,0,1,0,1,0,0,1,0,1,0,1
197,0.69,0.75,0.67,0,1,1,0,0,0,0,1,0,1,0,1,0,1,1,0,0,1
198,0.16,0.16,0.67,0,1,1,0,0,0,1,0,1,0,1,0,0,1,0,1,1,0
199,0.16,0.27,0.00,1,0,1,0,0,0,0,1,1,0,0,1,0,1,1,0,0,1
200,0.57,0.36,0.33,0,1,0,0,0,1,0,1,0,1,0,1,0,1,1,0,0,1
201,0.57,0.63,0.00,1,0,0,0,0,1,0,1,1,0,0,1,0,1,0,1,1,0
202,0.69,0.21,0.00,0,1,1,0,0,0,0,1,1,0,1,0,0,1,1,0,1,0
203,0.39,0.24,1.00,0,1,1,0,0,0,1,0,0,1,1,0,0,1,1,0,1,0
204,0.08,0.13,0.33,0,1,1,0,0,0,0,1,1,0,0,1,0,1,0,1,0,1
205,0.00,0.16,0.00,0,1,1,0,0,0,1,0,0,1,1,0,0,1,0,1,0,1
206,0.92,0.94,0.00,0,1,1,0,0,0,1,0,0,1,0,1,0,1,1,0,0,1
207,0.14,0.17,0.00,1,0,1,0,0,0,0,1,1,0,0,1,0,1,0,1,1,0
208,1.00,0.60,0.00,0,1,1,0,0,0,0,1,0,1,0,1,0,1,1,0,1,0
209,0.18,0.27,0.00,0,1,1,0,0,0,1,0,1,0,0,1,1,0,1,0,0,1
210,0.88,0.33,0.00,0,1,1,0,0,0,1,0,0,1,1,0,1,0,1,0,0,1
211,0.82,0.48,0.33,0,1,0,0,0,1,0,1,0,1,0,1,0,1,1,0,0,1
212,0.08,0.16,0.00,0,1,1,0,0,0,0,1,0,1,0,1,0,1,1,0,0,1
213,0.20,0.14,0.33,0,1,0,0,0,1,1,0,1,0,1,0,0,1,1,0,0,1
214,0.10,0.08,0.00,0,1,1,0,0,0,0,1,1,0,0,1,0,1,1,0,1,0
215,0.18,0.22,0.00,0,1,0,0,1,0,0,1,1,0,0,1,0,1,1,0,1,0
216,0.18,0.17,0.00,1,0,0,0,1,0,0,1,0,1,1,0,0,1,1,0,1,0
217,0.45,0.46,1.00,1,0,1,0,0,0,0,1,0,1,0,1,0,1,0,1,1,0
218,0.43,0.46,0.00,0,1,0,0,0,1,1,0,0,1,0,1,1,0,1,0,0,1
219,0.35,0.41,0.00,1,0,1,0,0,0,0,1,0,1,0,1,0,1,1,0,1,0
220,0.39,0.37,0.67,1,0,1,0,0,0,1,0,0,1,1,0,1,0,1,0,1,0
221,0.59,0.64,0.67,0,1,1,0,0,0,0,1,1,0,0,1,0,1,1,0,0,1
222,0.49,0.59,0.33,1,0,1,0,0,0,0,1,1,0,0,1,0,1,1,0,0,1
223,1.00,0.66,0.00,1,0,1,0,0,0,0,1,1,0,0,1,0,1,0,1,1,0
224,0.80,0.77,1.00,0,1,0,1,0,0,0,1,1,0,0,1,0,1,1,0,0,1
225,0.59,0.39,0.00,1,0,0,1,0,0,1,0,0,1,0,1,0,1,1,0,0,1
226,1.00,0.78,0.67,0,1,1,0,0,0,0,1,0,1,0,1,0,1,1,0,0,1
227,0.78,0.34,0.00,0,1,0,0,0,1,1,0,1,0,0,1,0,1,1,0,0,1
228,0.39,0.40,0.00,0,1,0,1,0,0,1,0,0,1,1,0,0,1,0,1,0,1
229,0.18,0.13,0.00,0,1,1,0,0,0,1,0,0,1,1,0,1,0,1,0,0,1
230,0.84,0.43,0.00,1,0,1,0,0,0,0,1,0,1,1,0,0,1,0,1,0,1
231,0.27,0.41,0.33,0,1,1,0,0,0,1,0,1,0,1,0,0,1,0,1,1,0
232,0.27,0.16,0.00,0,1,0,0,1,0,0,1,1,0,1,0,0,1,0,1,0,1
233,0.29,0.44,0.00,1,0,0,0,0,1,0,1,0,1,0,1,0,1,1,0,1,0
234,0.80,0.63,1.00,1,0,0,1,0,0,1,0,1,0,0,1,1,0,1,0,1,0
235,0.63,0.20,0.33,1,0,1,0,0,0,1,0,1,0,0,1,0,1,0,1,0,1
236,0.96,0.81,0.67,0,1,0,0,0,1,1,0,0,1,0,1,0,1,1,0,0,1
237,0.08,0.22,0.67,1,0,1,0,0,0,0,1,1,0,0,1,0,1,0,1,1,0
238,0.16,0.22,0.67,1,0,0,1,0,0,0,1,1,0,0,1,1,0,1,0,1,0
239,0.10,0.13,0.00,0,1,1,0,0,0,0,1,0,1,0,1,0,1,1,0,1,0
240,0.16,0.11,0.67,1,0,0,1,0,0,0,1,0,1,1,0,1,0,1,0,1,0
241,0.84,0.88,0.00,1,0,1,0,0,0,1,0,0,1,0,1,0,1,1,0,0,1
242,1.00,0.52,0.33,0,1,1,0,0,0,0,1,0,1,0,1,0,1,1,0,0,1
243,0.33,0.26,0.00,1,0,1,0,0,0,0,1,0,1,0,1,0,1,1,0,1,0
244,0.65,0.39,0.67,0,1,0,1,0,0,0,1,0,1,0,1,1,0,1,0,1,0
245,0.57,0.56,0.00,0,1,0,0,1,0,1,0,0,1,0,1,0,1,0,1,1,0
246,0.10,0.04,1.00,1,0,1,0,0,0,1,0,0,1,1,0,1,0,1,0,1,0
247,0.16,0.28,0.00,0,1,0,1,0,0,0,1,1,0,1,0,0,1,1,0,1,0
248,0.45,0.26,1.00,0,1,0,0,0,1,0,1,1,0,0,1,0,1,1,0,1,0
249,0.37,0.28,1.00,0,1,0,0,0,1,0,1,0,1,1,0,0,1,1,0,1,0
250,0.96,0.91,0.00,0,1,1,0,0,0,1,0,1,0,0,1,0,1,0,1,1,0
251,0.55,0.53,0.33,1,0,0,0,0,1,0,1,0,1,0,1,0,1,0,1,0,1
252,0.10,0.16,0.67,0,1,1,0,0,0,0,1,1,0,1,0,0,1,0,1,1,0
253,0.49,0.22,0.33,1,0,0,0,0,1,0,1,1,0,1,0,1,0,1,0,0,1
254,0.06,0.10,1.00,1,0,0,1,0,0,1,0,1,0,0,1,0,1,0,1,1,0
255,0.90,0.33,0.00,1,0,1,0,0,0,1,0,0,1,1,0,0,1,1,0,0,1
256,0.63,0.36,0.67,1,0,0,0,1,0,1,0,1,0,0,1,0,1,1,0,1,0
257,0.20,0.32,0.67,1,0,0,0,0,1,0,1,1,0,1,0,0,1,0,1,1,0
258,0.41,0.28,1.00,1,0,0,0,0,1,1,0,1,0,1,0,0,1,0,1,1,0
259,0.37,0.12,0.00,0,1,0,0,0,1,1,0,1,0,1,0,1,0,1,0,1,0
260,0.08,0.21,0.00,0,1,0,0,1,0,0,1,1,0,0,1,0,1,1,0,1,0
261,0.45,0.41,0.33,1,0,0,0,0,1,0,1,1,0,0,1,0,1,0,1,0,1
262,0.45,0.29,0.00,1,0,0,0,0,1,0,1,1,0,1,0,0,1,1,0,1,0
263,0.86,0.71,0.00,1,0,1,0,0,0,0,1,0,1,0,1,0,1,0,1,1,0
264,0.10,0.24,0.00,0,1,1,0,0,0,1,0,0,1,0,1,1,0,1,0,0,1
265,0.06,0.22,0.33,0,1,1,0,0,0,0,1,0,1,1,0,1,0,1,0,0,1
266,0.82,0.49,0.00,0,1,0,0,0,1,1,0,0,1,0,1,0,1,1,0,0,1
267,0.61,0.44,0.00,1,0,0,0,1,0,1,0,1,0,0,1,0,1,1,0,0,1
268,0.92,0.51,0.00,1,0,0,0,0,1,0,1,0,1,1,0,0,1,1,0,1,0
269,0.04,0.20,1.00,0,1,0,0,0,1,1,0,0,1,1,0,0,1,0,1,1,0
270,1.00,0.96,0.67,1,0,0,0,1,0,1,0,1,0,0,1,0,1,0,1,0,1
271,0.90,0.88,0.00,1,0,1,0,0,0,1,0,0,1,0,1,0,1,1,0,0,1
272,0.37,0.14,0.00,0,1,0,0,0,1,0,1,1,0,0,1,0,1,1,0,1,0
273,0.27,0.40,0.33,0,1,1,0,0,0,0,1,0,1,1,0,0,1,1,0,0,1
274,0.49,0.38,0.00,1,0,1,0,0,0,0,1,0,1,0,1,0,1,1,0,1,0
275,0.00,0.07,0.00,0,1,0,1,0,0,0,1,0,1,1,0,0,1,0,1,0,1
276,0.57,0.41,0.33,1,0,0,0,1,0,1,0,1,0,0,1,0,1,0,1,0,1
277,0.14,0.30,0.33,0,1,0,0,0,1,0,1,0,1,0,1,0,1,1,0,0,1
278,0.96,0.33,0.00,1,0,0,1,0,0,1,0,1,0,0,1,1,0,0,1,1,0
279,0.45,0.55,0.33,0,1,0,0,0,1,0,1,1,0,1,0,0,1,0,1,0,1
280,0.29,0.30,0.33,0,1,1,0,0,0,0,1,1,0,1,0,1,0,1,0,0,1
281,0.00,0.18,0.00,1,0,1,0,0,0,0,1,1,0,0,1,0,1,1,0,1,0
282,0.94,0.85,0.33,0,1,1,0,0,0,0,1,0,1,0,1,1,0,1,0,0,1
283,0.51,0.59,1.00,1,0,1,0,0,0,0,1,1,0,0,1,0,1,0,1,1,0
284,0.08,0.15,1.00,1,0,1,0,0,0,0,1,1,0,0,1,0,1,1,0,1,0
285,0.14,0.08,0.00,0,1,0,0,0,1,0,1,1,0,1,0,1,0,1,0,1,0
286,0.43,0.34,0.33,0,1,1,0,0,0,0,1,0,1,0,1,0,1,0,1,0,1
287,0.82,0.40,1.00,1,0,1,0,0,0,0,1,1,0,1,0,0,1,1,0,1,0
288,0.31,0.16,0.33,0,1,1,0,0,0,0,1,1,0,0,1,1,0,1,0,1,0
289,0.69,0.55,0.33,1,0,0,1,0,0,0,1,0,1,0,1,0,1,1,0,0,1
290,0.10,0.15,0.00,0,1,1,0,0,0,1,0,1,0,0,1,0,1,1,0,0,1
291,0.53,0.59,0.00,1,0,1,0,0,0,1,0,0,1,0,1,1,0,1,0,0,1
292,0.67,0.71,0.67,0,1,0,1,0,0,0,1,0,1,0,1,0,1,0,1,0,1
293,0.16,0.27,0.00,1,0,0,0,0,1,0,1,1,0,0,1,0,1,1,0,1,0
294,0.49,0.30,0.00,0,1,0,0,0,1,0,1,1,0,0,1,1,0,0,1,1,0
295,0.33,0.47,0.00,0,1,0,0,0,1,0,1,0,1,0,1,0,1,0,1,1,0
296,0.73,0.34,0.67,1,0,0,1,0,0,1,0,0,1,0,1,0,1,0,1,1,0
297,0.00,0.06,0.67,0,1,0,1,0,0,0,1,1,0,1,0,1,0,1,0,1,0
298,0.59,0.21,0.67,1,0,1,0,0,0,1,0,0,1,1,0,0,1,1,0,1,0
299,0.12,0.15,0.00,1,0,1,0,0,0,0,1,1,0,0,1,0,1,1,0,1,0
300,0.02,0.05,0.33,1,0,1,0,0,0,0,1,0,1,0,1,0,1,0,1,1,0
301,0.39,0.18,0.00,1,0,0,0,0,1,0,1,1,0,0,1,1,0,1,0,1,0
302,0.55,0.42,0.00,1,0,0,0,0,1,0,1,1,0,0,1,1,0,1,0,1,0
303,0.63,0.63,1.00,0,1,0,1,0,0,0,1,1,0,0,1,0,1,0,1,1,0
304,1.00,0.90,1.00,1,0,0,1,0,0,1,0,1,0,0,1,0,1,1,0,0,1
305,0.35,0.11,0.00,1,0,0,1,0,0,0,1,1,0,1,0,0,1,1,0,1,0
306,0.92,0.81,0.67,0,1,1,0,0,0,1,0,0,1,0,1,0,1,1,0,0,1
307,0.41,0.37,0.00,0,1,0,1,0,0,1,0,0,1,0,1,0,1,1,0,0,1
308,0.61,0.36,0.67,0,1,0,0,0,1,1,0,0,1,0,1,0,1,1,0,1,0
309,0.20,0.12,0.33,1,0,1,0,0,0,1,0,1,0,0,1,0,1,1,0,1,0
310,0.57,0.44,0.00,0,1,0,0,0,1,0,1,1,0,0,1,0,1,1,0,1,0
311,0.98,0.54,0.33,0,1,1,0,0,0,1,0,1,0,0,1,0,1,1,0,0,1
312,0.88,0.44,0.67,1,0,0,0,0,1,1,0,0,1,1,0,0,1,1,0,0,1
313,0.00,0.19,0.67,1,0,0,1,0,0,1,0,0,1,0,1,0,1,1,0,1,0
314,0.73,0.22,0.00,1,0,0,0,0,1,0,1,0,1,0,1,1,0,1,0,1,0
315,0.55,0.65,0.00,0,1,0,1,0,0,1,0,0,1,0,1,0,1,0,1,1,0
316,0.86,0.29,0.67,0,1,1,0,0,0,1,0,0,1,0,1,0,1,1,0,1,0
317,0.55,0.56,0.33,1,0,0,0,0,1,1,0,1,0,0,1,0,1,0,1,0,1
318,0.27,0.31,0.67,1,0,1,0,0,0,1,0,1,0,0,1,1,0,1,0,1,0
319,0.43,0.29,0.00,0,1,0,0,1,0,1,0,0,1,0,1,0,1,0,1,1,0
320,0.71,0.57,0.67,0,1,1,0,0,0,1,0,0,1,0,1,0,1,1,0,0,1
321,0.35,0.31,0.00,0,1,0,1,0,0,0,1,0,1,1,0,1,0,0,1,0,1
322,0.14,0.10,0.33,1,0,0,0,0,1,0,1,0,1,0,1,1,0,0,1,1,0
323,0.29,0.33,0.00,0,1,0,0,0,1,1,0,1,0,0,1,0,1,1,0,0,1
324,0.37,0.40,0.00,0,1,0,0,1,0,0,1,1,0,0,1,0,1,1,0,1,0
325,0.12,0.08,0.00,1,0,0,0,0,1,1,0,1,0,1,0,0,1,1,0,0,1
326,0.43,0.51,0.33,0,1,1,0,0,0,0,1,1,0,0,1,1,0,0,1,0,1
327,0.12,0.28,0.00,0,1,1,0,0,0,0,1,1,0,1,0,0,1,0,1,0,1
328,0.80,0.79,0.33,1,0,0,1,0,0,1,0,1,0,0,1,1,0,0,1,0,1
329,0.18,0.23,1.00,1,0,0,0,0,1,0,1,1,0,1,0,0,1,1,0,1,0
330,0.98,0.82,1.00,1,0,0,1,0,0,0,1,0,1,0,1,0,1,1,0,0,1
331,0.00,0.11,0.67,1,0,1,0,0,0,0,1,1,0,0,1,0,1,0,1,1,0
332,0.31,0.42,0.00,1,0,0,0,0,1,0,1,1,0,0,1,1,0,1,0,1,0
333,0.61,0.22,0.67,0,1,0,0,1,0,0,1,1,0,0,1,0,1,1,0,1,0
334,0.10,0.28,0.33,1,0,0,0,1,0,0,1,1,0,1,0,0,1,1,0,0,1
335,0.53,0.37,0.33,0,1,0,0,0,1,0,1,1,0,0,1,1,0,0,1,0,1
336,0.43,0.38,0.67,0,1,1,0,0,0,0,1,1,0,1,0,1,0,0,1,1,0
337,0.96,0.57,0.33,0,1,1,0,0,0,0,1,0,1,0,1,1,0,0,1,1,0
338,0.86,0.56,0.67,0,1,0,0,1,0,0,1,0,1,0,1,0,1,0,1,0,1
339,0.04,0.23,0.00,0,1,1,0,0,0,0,1,1,0,1,0,0,1,0,1,0,1
340,0.55,0.41,0.00,1,0,0,0,1,0,0,1,1,0,0,1,0,1,1,0,1,0
341,0.98,0.75,0.33,0,1,0,1,0,0,0,1,0,1,0,1,1,0,1,0,0,1
342,0.94,0.83,0.00,0,1,1,0,0,0,0,1,0,1,0,1,0,1,1,0,1,0
343,0.67,0.25,0.00,1,0,1,0,0,0,0,1,1,0,0,1,0,1,1,0,1,0
344,0.33,0.32,0.67,0,1,0,1,0,0,0,1,0,1,0,1,0,1,1,0,1,0
345,0.96,0.64,0.33,1,0,0,0,0,1,0,1,1,0,0,1,0,1,1,0,0,1
346,0.65,0.60,0.00,0,1,0,1,0,0,0,1,0,1,0,1,1,0,0,1,1,0
347,0.98,0.69,0.00,1,0,1,0,0,0,0,1,1,0,0,1,1,0,1,0,1,0
348,0.92,0.57,0.00,0,1,1,0,0,0,0,1,1,0,0,1,1,0,0,1,1,0
349,0.71,0.33,0.33,1,0,1,0,0,0,1,0,1,0,1,0,0,1,1,0,0,1
350,0.31,0.45,0.00,1,0,1,0,0,0,1,0,0,1,1,0,0,1,0,1,0,1
351,0.41,0.33,0.00,0,1,0,0,0,1,0,1,1,0,0,1,0,1,0,1,1,0
352,0.78,0.34,0.33,1,0,0,1,0,0,1,0,1,0,0,1,0,1,0,1,1,0
353,0.61,0.65,0.33,0,1,0,0,0,1,1,0,0,1,0,1,0,1,1,0,0,1
354,0.63,0.43,0.00,1,0,0,0,1,0,0,1,0,1,1,0,0,1,0,1,0,1
355,0.73,0.78,0.67,1,0,0,1,0,0,0,1,1,0,0,1,0,1,0,1,0,1
356,0.47,0.31,0.00,1,0,0,0,1,0,0,1,1,0,1,0,0,1,1,0,1,0
357,0.02,0.08,0.00,0,1,0,1,0,0,1,0,1,0,0,1,0,1,1,0,0,1
358,0.69,0.50,1.00,1,0,1,0,0,0,1,0,0,1,1,0,0,1,1,0,1,0
359,0.69,0.31,0.33,1,0,1,0,0,0,0,1,0,1,0,1,1,0,1,0,0,1
360,0.94,0.80,0.67,1,0,0,0,0,1,1,0,0,1,0,1,0,1,1,0,0,1
361,0.78,0.26,1.00,0,1,0,0,0,1,0,1,1,0,0,1,0,1,0,1,1,0
362,0.78,0.42,0.67,0,1,0,0,0,1,0,1,1,0,1,0,0,1,1,0,1,0
363,0.02,0.13,0.00,1,0,0,0,0,1,0,1,1,0,0,1,0,1,1,0,1,0
364,0.78,0.80,0.33,1,0,0,0,0,1,0,1,0,1,0,1,1,0,1,0,0,1
365,0.18,0.21,0.67,0,1,1,0,0,0,0,1,0,1,0,1,1,0,1,0,0,1
366,0.84,0.43,0.33,1,0,1,0,0,0,1,0,0,1,1,0,0,1,1,0,0,1
367,0.78,0.74,0.00,0,1,1,0,0,0,0,1,0,1,0,1,0,1,0,1,1,0
368,0.06,0.11,0.00,0,1,0,0,0,1,0,1,1,0,0,1,0,1,0,1,1,0
369,0.94,0.50,1.00,0,1,1,0,0,0,0,1,1,0,0,1,1,0,0,1,1,0
370,0.90,0.72,0.00,0,1,1,0,0,0,0,1,1,0,0,1,0,1,1,0,1,0
371,0.53,0.58,0.67,1,0,1,0,0,0,1,0,1,0,0,1,0,1,1,0,0,1
372,0.12,0.05,0.00,1,0,1,0,0,0,1,0,1,0,1,0,1,0,1,0,0,1
373,0.69,0.40,0.00,1,0,1,0,0,0,0,1,1,0,1,0,0,1,1,0,1,0
374,1.00,0.73,0.67,1,0,0,0,1,0,0,1,1,0,0,1,0,1,1,0,0,1
375,0.47,0.27,0.00,0,1,1,0,0,0,0,1,0,1,0,1,0,1,1,0,1,0
376,0.82,0.49,0.33,1,0,0,0,0,1,1,0,1,0,1,0,1,0,0,1,0,1
377,0.45,0.34,0.67,0,1,1,0,0,0,1,0,1,0,1,0,0,1,1,0,1,0
378,0.02,0.22,0.00,0,1,0,0,1,0,0,1,1,0,1,0,0,1,0,1,0,1
379,0.04,0.08,1.00,1,0,1,0,0,0,0,1,1,0,1,0,0,1,1,0,1,0
380,0.78,0.37,0.00,1,0,0,0,0,1,1,0,0,1,0,1,0,1,1,0,0,1
381,0.57,0.47,0.67,1,0,1,0,0,0,0,1,0,1,0,1,0,1,1,0,1,0
382,0.24,0.17,0.33,0,1,1,0,0,0,0,1,1,0,1,0,0,1,1,0,1,0
383,0.45,0.51,0.33,1,0,0,0,0,1,0,1,0,1,0,1,0,1,1,0,0,1
384,0.37,0.38,0.00,1,0,0,0,0,1,0,1,1,0,1,0,0,1,1,0,1,0
385,0.80,0.57,1.00,1,0,1,0,0,0,1,0,0,1,1,0,0,1,0,1,1,0
386,0.63,0.18,0.00,0,1,1,0,0,0,1,0,1,0,1,0,0,1,1,0,1,0
387,0.88,0.43,0.33,0,1,1,0,0,0,1,0,0,1,1,0,1,0,1,0,0,1
388,0.22,0.17,0.00,0,1,1,0,0,0,1,0,0,1,1,0,0,1,1,0,0,1
389,0.61,0.19,0.00,1,0,1,0,0,0,0,1,1,0,0,1,1,0,1,0,1,0
390,0.78,0.68,0.00,1,0,1,0,0,0,0,1,1,0,0,1,0,1,1,0,1,0
391,0.45,0.30,0.00,0,1,0,0,0,1,1,0,0,1,1,0,0,1,1,0,0,1
392,0.82,0.57,1.00,1,0,0,0,0,1,0,1,0,1,0,1,1,0,1,0,1,0
393,0.86,0.29,0.67,1,0,1,0,0,0,0,1,0,1,0,1,1,0,0,1,1,0
394,0.82,0.35,0.00,1,0,0,0,1,0,1,0,0,1,1,0,1,0,0,1,0,1
395,1.00,0.32,1.00,1,0,0,0,0,1,0,1,0,1,1,0,1,0,0,1,1,0
396,0.45,0.36,0.00,0,1,0,1,0,0,0,1,0,1,0,1,1,0,1,0,1,0
397,0.61,0.50,0.67,0,1,1,0,0,0,0,1,1,0,0,1,0,1,1,0,0,1
398,0.94,0.90,0.33,1,0,1,0,0,0,1,0,1,0,0,1,0,1,1,0,0,1
399,0.51,0.57,0.00,0,1,0,0,0,1,0,1,0,1,0,1,1,0,0,1,1,0
400,0.33,0.25,0.00,1,0,0,1,0,0,1,0,1,0,1,0,0,1,0,1,0,1
401,0.16,0.25,1.00,0,1,0,1,0,0,1,0,0,1,1,0,1,0,0,1,1,0
402,0.61,0.58,0.00,0,1,1,0,0,0,0,1,0,1,1,0,0,1,1,0,1,0
403,0.35,0.27,0.00,0,1,1,0,0,0,1,0,1,0,1,0,1,0,0,1,0,1
404,0.12,0.15,1.00,1,0,1,0,0,0,0,1,1,0,0,1,0,1,1,0,0,1
405,0.59,0.54,1.00,0,1,0,0,1,0,0,1,0,1,0,1,0,1,1,0,0,1
406,0.69,0.70,0.33,0,1,0,0,1,0,1,0,1,0,0,1,0,1,1,0,0,1
407,0.27,0.30,0.00,0,1,0,0,1,0,1,0,1,0,0,1,0,1,1,0,0,1
408,0.47,0.29,0.33,1,0,0,0,1,0,0,1,0,1,1,0,1,0,1,0,0,1
409,0.10,0.10,0.67,0,1,0,0,1,0,0,1,1,0,0,1,1,0,1,0,1,0
410,0.18,0.23,0.33,1,0,1,0,0,0,1,0,0,1,1,0,0,1,0,1,0,1
411,0.08,0.04,0.00,0,1,1,0,0,0,1,0,0,1,0,1,0,1,0,1,1,0
412,1.00,0.91,0.67,1,0,1,0,0,0,1,0,0,1,0,1,0,1,1,0,0,1
413,0.16,0.20,0.00,1,0,1,0,0,0,0,1,0,1,1,0,0,1,1,0,0,1
414,0.82,0.71,0.00,1,0,0,0,1,0,0,1,1,0,0,1,0,1,1,0,1,0
415,0.18,0.26,0.00,0,1,0,1,0,0,0,1,1,0,0,1,0,1,0,1,1,0
416,0.37,0.13,0.33,0,1,1,0,0,0,1,0,1,0,0,1,1,0,0,1,1,0
417,0.27,0.31,0.33,0,1,0,1,0,0,0,1,0,1,1,0,1,0,1,0,0,1
418,0.20,0.36,0.67,1,0,0,0,0,1,0,1,0,1,0,1,1,0,1,0,0,1
419,0.80,0.29,0.00,0,1,0,0,0,1,0,1,1,0,0,1,0,1,0,1,1,0
420,0.94,0.76,0.00,0,1,1,0,0,0,0,1,0,1,0,1,0,1,0,1,1,0
421,0.63,0.63,0.33,0,1,1,0,0,0,1,0,1,0,0,1,1,0,1,0,0,1
422,0.08,0.11,0.33,0,1,1,0,0,0,0,1,0,1,1,0,0,1,1,0,1,0
423,0.82,0.67,0.00,1,0,1,0,0,0,0,1,0,1,0,1,0,1,1,0,1,0
424,0.04,0.21,0.33,0,1,0,0,0,1,1,0,0,1,1,0,0,1,1,0,0,1
425,0.53,0.44,0.00,1,0,0,1,0,0,0,1,1,0,0,1,0,1,1,0,1,0
426,0.96,0.43,1.00,1,0,0,0,0,1,0,1,1,0,0,1,1,0,1,0,1,0
427,0.71,0.47,0.67,1,0,1,0,0,0,0,1,0,1,1,0,1,0,1,0,0,1
428,0.33,0.21,0.33,1,0,1,0,0,0,0,1,0,1,1,0,0,1,0,1,0,1
429,0.35,0.39,0.67,0,1,0,1,0,0,1,0,1,0,0,1,0,1,0,1,1,0
430,0.61,0.41,0.00,0,1,0,0,0,1,0,1,1,0,0,1,1,0,0,1,1,0
431,0.94,0.92,0.33,1,0,0,0,0,1,0,1,0,1,0,1,0,1,1,0,0,1
432,0.57,0.20,0.00,0,1,0,0,0,1,1,0,0,1,0,1,0,1,0,1,1,0
433,0.49,0.40,0.00,1,0,0,1,0,0,0,1,1,0,1,0,0,1,0,1,0,1
434,0.59,0.31,0.00,0,1,1,0,0,0,0,1,0,1,0,1,1,0,1,0,1,0
435,0.10,0.12,0.67,0,1,0,0,0,1,1,0,0,1,0,1,0,1,0,1,1,0
436,0.35,0.20,0.00,0,1,1,0,0,0,0,1,0,1,1,0,1,0,0,1,0,1
437,0.94,0.45,0.33,1,0,1,0,0,0,1,0,0,1,0,1,1,0,0,1,0,1
438,0.00,0.12,0.33,1,0,0,0,1,0,0,1,1,0,1,0,0,1,1,0,1,0
439,0.02,0.18,0.33,0,1,1,0,0,0,0,1,0,1,1,0,0,1,1,0,1,0
440,0.45,0.42,0.33,0,1,1,0,0,0,0,1,1,0,0,1,1,0,0,1,0,1
441,0.59,0.68,0.00,0,1,1,0,0,0,0,1,0,1,0,1,0,1,1,0,1,0
442,0.51,0.54,0.00,1,0,0,1,0,0,0,1,0,1,0,1,0,1,1,0,1,0
443,0.41,0.49,0.00,0,1,0,0,0,1,1,0,0,1,1,0,0,1,0,1,0,1
444,0.06,0.19,0.00,1,0,0,1,0,0,0,1,1,0,0,1,0,1,1,0,0,1
445,0.45,0.46,0.00,0,1,0,1,0,0,0,1,0,1,0,1,0,1,1,0,1,0
446,0.69,0.67,0.00,1,0,0,0,0,1,0,1,1,0,0,1,0,1,1,0,1,0
447,0.35,0.44,0.67,1,0,0,0,0,1,0,1,1,0,1,0,0,1,1,0,0,1
448,0.71,0.76,1.00,0,1,0,1,0,0,0,1,0,1,0,1,1,0,1,0,0,1
449,0.41,0.50,0.00,1,0,0,1,0,0,1,0,0,1,0,1,0,1,1,0,0,1
450,0.49,0.41,1.00,0,1,1,0,0,0,0,1,0,1,1,0,1,0,1,0,1,0
451,0.51,0.58,0.00,0,1,0,0,0,1,1,0,0,1,0,1,1,0,0,1,1,0
452,0.84,0.38,0.00,1,0,1,0,0,0,1,0,1,0,1,0,0,1,1,0,0,1
453,0.84,0.80,0.00,1,0,0,1,0,0,1,0,0,1,0,1,0,1,0,1,1,0
454,0.12,0.20,0.00,0,1,1,0,0,0,1,0,1,0,0,1,0,1,0,1,1,0
455,0.18,0.12,0.00,1,0,1,0,0,0,0,1,0,1,0,1,0,1,1,0,1,0
456,0.29,0.14,0.00,1,0,0,0,0,1,0,1,0,1,0,1,0,1,0,1,1,0
457,0.96,0.97,0.00,1,0,1,0,0,0,0,1,1,0,0,1,0,1,1,0,1,0
458,0.00,0.15,0.33,0,1,0,0,1,0,1,0,1,0,0,1,0,1,1,0,1,0
459,0.98,0.72,0.33,0,1,0,0,0,1,0,1,1,0,0,1,0,1,1,0,0,1
460,0.47,0.32,0.00,0,1,1,0,0,0,0,1,0,1,1,0,0,1,0,1,0,1
461,0.94,0.34,0.00,1,0,0,0,1,0,0,1,0,1,0,1,1,0,0,1,1,0
462,0.10,0.22,0.00,1,0,1,0,0,0,0,1,0,1,1,0,0,1,0,1,0,1
463,0.22,0.18,0.67,1,0,0,1,0,0,0,1,0,1,1,0,0,1,1,0,1,0
464,0.20,0.27,0.00,0,1,0,0,0,1,1,0,0,1,0,1,0,1,1,0,0,1
465,0.80,0.40,0.67,1,0,0,0,0,1,0,1,0,1,0,1,0,1,0,1,1,0
466,0.41,0.29,0.00,0,1,1,0,0,0,0,1,1,0,1,0,0,1,1,0,1,0
467,0.33,0.13,1.00,1,0,0,0,1,0,1,0,1,0,0,1,0,1,1,0,0,1
468,0.51,0.17,0.00,0,1,0,0,1,0,0,1,1,0,1,0,0,1,1,0,0,1
469,0.92,0.56,1.00,0,1,0,0,0,1,1,0,0,1,0,1,0,1,1,0,1,0
470,0.90,0.63,0.00,1,0,1,0,0,0,0,1,1,0,0,1,0,1,0,1,1,0
471,0.67,0.35,0.00,1,0,1,0,0,0,0,1,0,1,0,1,0,1,1,0,1,0
472,0.88,0.28,0.67,0,1,1,0,0,0,0,1,0,1,0,1,1,0,1,0,1,0
473,0.47,0.39,0.00,1,0,0,0,0,1,1,0,1,0,0,1,0,1,1,0,0,1
474,0.27,0.30,0.33,1,0,0,0,0,1,1,0,0,1,0,1,0,1,0,1,0,1
475,0.31,0.12,0.67,1,0,0,0,0,1,0,1,1,0,0,1,0,1,0,1,1,0
476,0.51,0.36,0.33,0,1,0,1,0,0,1,0,1,0,1,0,0,1,1,0,0,1
477,0.45,0.39,0.00,0,1,1,0,0,0,0,1,1,0,0,1,0,1,0,1,1,0
478,0.59,0.32,0.67,0,1,0,0,0,1,0,1,1,0,0,1,0,1,0,1,1,0
479,0.57,0.66,0.33,0,1,0,0,0,1,1,0,0,1,0,1,0,1,1,0,0,1
480,0.24,0.11,0.67,0,1,0,1,0,0,0,1,1,0,1,0,0,1,0,1,1,0
481,0.59,0.68,0.67,0,1,1,0,0,0,1,0,0,1,0,1,0,1,1,0,0,1
482,0.53,0.48,0.00,0,1,0,1,0,0,1,0,1,0,0,1,0,1,0,1,1,0
483,0.10,0.20,0.00,0,1,0,1,0,0,0,1,0,1,0,1,1,0,1,0,1,0
484,0.20,0.28,0.33,1,0,1,0,0,0,0,1,0,1,0,1,0,1,1,0,0,1
485,0.94,0.77,0.00,1,0,1,0,0,0,0,1,0,1,0,1,0,1,0,1,1,0
486,0.35,0.29,0.00,1,0,0,0,0,1,0,1,1,0,0,1,1,0,0,1,1,0
487,0.02,0.20,0.33,0,1,0,1,0,0,0,1,1,0,1,0,0,1,1,0,0,1
488,0.18,0.15,1.00,1,0,0,0,0,1,0,1,1,0,0,1,1,0,1,0,1,0
489,0.18,0.26,0.67,0,1,1,0,0,0,0,1,1,0,0,1,1,0,1,0,0,1
490,0.82,0.46,0.33,1,0,1,0,0,0,0,1,0,1,0,1,1,0,0,1,0,1
491,0.57,0.21,0.33,1,0,0,0,0,1,1,0,0,1,0,1,0,1,1,0,0,1
492,0.88,0.39,0.00,1,0,0,0,0,1,0,1,0,1,0,1,1,0,0,1,0,1
493,0.84,0.62,0.00,0,1,1,0,0,0,1,0,1,0,0,1,0,1,1,0,0,1
494,0.59,0.67,1.00,1,0,0,1,0,0,0,1,1,0,0,1,0,1,1,0,1,0
495,0.53,0.58,0.00,0,1,1,0,0,0,0,1,1,0,1,0,1,0,0,1,0,1
496,0.65,0.62,0.67,0,1,0,0,0,1,1,0,0,1,0,1,0,1,0,1,0,1
497,0.94,0.72,0.00,0,1,1,0,0,0,1,0,1,0,0,1,0,1,1,0,0,1
498,0.67,0.67,0.00,1,0,0,0,0,1,1,0,1,0,0,1,0,1,0,1,1,0
499,0.57,0.24,0.00,1,0,0,0,0,1,0,1,0,1,1,0,0,1,1,0,0,1
500,0.43,0.39,1.00,1,0,1,0,0,0,0,1,0,1,0,1,1,0,1,0,1,0
501,0.82,0.48,0.33,1,0,1,0,0,0,1,0,0,1,1,0,0,1,1,0,0,1
502,0.29,0.37,0.00,1,0,0,0,0,1,0,1,0,1,1,0,1,0,1,0,1,0
503,0.08,0.18,0.00,1,0,1,0,0,0,1,0,0,1,0,1,0,1,0,1,1,0
504,0.92,0.94,0.33,1,0,1,0,0,0,0,1,0,1,0,1,0,1,1,0,0,1
505,0.35,0.41,0.00,1,0,0,0,0,1,0,1,0,1,0,1,0,1,1,0,1,0
506,0.84,0.31,0.00,1,0,1,0,0,0,0,1,1,0,1,0,1,0,0,1,0,1
507,0.08,0.11,0.00,1,0,0,0,1,0,1,0,0,1,0,1,0,1,1,0,0,1
508,0.86,0.78,0.67,0,1,0,0,1,0,1,0,1,0,0,1,0,1,0,1,0,1
509,0.10,0.11,0.67,1,0,0,1,0,0,0,1,0,1,0,1,0,1,1,0,0,1
510,0.22,0.14,0.00,1,0,0,0,0,1,0,1,1,0,0,1,1,0,1,0,1,0
511,0.53,0.19,1.00,0,1,1,0,0,0,0,1,1,0,0,1,0,1,1,0,1,0
512,0.92,0.67,0.00,1,0,0,0,0,1,0,1,0,1,0,1,0,1,0,1,1,0
513,0.14,0.16,1.00,1,0,0,1,0,0,1,0,1,0,0,1,0,1,1,0,1,0
514,0.39,0.50,0.00,0,1,1,0,0,0,1,0,0,1,0,1,1,0,1,0,0,1
515,0.61,0.20,0.33,1,0,1,0,0,0,0,1,1,0,0,1,0,1,1,0,0,1
516,0.35,0.26,0.00,1,0,0,0,0,1,1,0,1,0,0,1,1,0,1,0,0,1
517,0.67,0.49,0.33,0,1,0,0,0,1,0,1,1,0,0,1,1,0,0,1,0,1
518,0.18,0.29,1.00,1,0,0,0,0,1,1,0,1,0,1,0,0,1,1,0,1,0
519,0.78,0.41,1.00,1,0,1,0,0,0,0,1,0,1,0,1,0,1,0,1,1,0
520,0.41,0.12,0.67,1,0,1,0,0,0,0,1,0,1,1,0,0,1,1,0,0,1
521,0.37,0.21,0.67,1,0,0,0,0,1,0,1,0,1,0,1,0,1,1,0,1,0
522,0.18,0.13,1.00,0,1,0,0,1,0,1,0,1,0,0,1,0,1,0,1,1,0
523,0.33,0.19,0.00,1,0,0,0,0,1,0,1,0,1,0,1,1,0,0,1,1,0
524,0.53,0.24,0.00,0,1,0,0,1,0,0,1,0,1,0,1,0,1,0,1,0,1
525,0.51,0.25,0.33,1,0,1,0,0,0,0,1,1,0,1,0,0,1,1,0,0,1
526,0.29,0.16,0.67,0,1,1,0,0,0,1,0,1,0,0,1,1,0,0,1,1,0
527,0.06,0.10,0.33,1,0,0,0,0,1,1,0,1,0,0,1,0,1,0,1,1,0
528,0.24,0.36,0.67,1,0,1,0,0,0,0,1,1,0,1,0,0,1,1,0,1,0
529,0.76,0.66,0.33,0,1,0,1,0,0,0,1,0,1,0,1,0,1,1,0,1,0
530,0.94,0.93,0.33,0,1,0,0,1,0,0,1,1,0,0,1,0,1,1,0,0,1
531,0.37,0.39,0.33,1,0,1,0,0,0,1,0,0,1,1,0,1,0,1,0,0,1
532,0.84,0.43,0.33,0,1,1,0,0,0,1,0,1,0,0,1,0,1,1,0,0,1
533,0.86,0.43,0.00,0,1,1,0,0,0,0,1,0,1,1,0,0,1,0,1,0,1
534,0.18,0.15,0.33,1,0,0,0,0,1,1,0,0,1,0,1,0,1,0,1,1,0
535,0.22,0.09,0.00,0,1,1,0,0,0,0,1,1,0,1,0,0,1,1,0,1,0
536,0.71,0.57,0.33,1,0,1,0,0,0,1,0,1,0,0,1,0,1,1,0,0,1
537,0.88,0.90,0.67,1,0,0,1,0,0,1,0,1,0,0,1,0,1,1,0,0,1
538,0.51,0.58,0.00,1,0,1,0,0,0,0,1,1,0,0,1,0,1,1,0,1,0
539,0.02,0.09,0.00,0,1,1,0,0,0,0,1,1,0,0,1,0,1,0,1,0,1
540,0.61,0.29,0.33,1,0,1,0,0,0,0,1,0,1,0,1,1,0,0,1,0,1
541,0.43,0.56,0.67,0,1,0,1,0,0,0,1,1,0,0,1,0,1,1,0,0,1
542,0.29,0.17,0.67,0,1,1,0,0,0,0,1,0,1,0,1,0,1,1,0,1,0
543,0.92,0.75,0.33,0,1,0,0,1,0,0,1,0,1,0,1,1,0,0,1,0,1
544,0.57,0.28,0.33,0,1,0,1,0,0,0,1,0,1,0,1,0,1,1,0,0,1
545,0.45,0.54,0.00,0,1,1,0,0,0,1,0,1,0,1,0,0,1,0,1,0,1
546,0.18,0.18,0.00,1,0,1,0,0,0,1,0,0,1,1,0,1,0,0,1,0,1
547,0.08,0.07,0.67,0,1,0,0,1,0,0,1,0,1,0,1,0,1,1,0,1,0
548,0.49,0.27,0.33,0,1,0,1,0,0,0,1,0,1,0,1,0,1,1,0,0,1
549,0.82,0.82,0.33,1,0,0,0,0,1,0,1,0,1,0,1,0,1,0,1,0,1
550,0.10,0.05,0.33,1,0,1,0,0,0,0,1,0,1,1,0,0,1,1,0,1,0
551,0.82,0.47,1.00,0,1,0,0,1,0,0,1,1,0,1,0,1,0,1,0,1,0
552,0.55,0.62,0.67,0,1,1,0,0,0,0,1,0,1,0,1,0,1,1,0,1,0
553,0.63,0.59,0.00,1,0,0,0,1,0,0,1,0,1,1,0,1,0,0,1,1,0
554,1.00,0.53,1.00,1,0,1,0,0,0,0,1,0,1,0,1,0,1,1,0,1,0
555,0.04,0.05,0.67,1,0,0,0,0,1,0,1,0,1,0,1,0,1,1,0,1,0
556,0.51,0.23,0.33,1,0,0,1,0,0,0,1,0,1,0,1,0,1,0,1,0,1
557,0.47,0.35,0.00,0,1,0,1,0,0,0,1,1,0,1,0,0,1,1,0,1,0
558,0.41,0.45,0.00,1,0,0,0,1,0,0,1,1,0,0,1,0,1,1,0,1,0
559,1.00,0.34,0.00,1,0,0,0,1,0,0,1,1,0,1,0,0,1,0,1,0,1
560,0.45,0.20,0.33,0,1,1,0,0,0,1,0,1,0,0,1,0,1,1,0,0,1
561,0.14,0.31,0.00,1,0,0,0,1,0,1,0,1,0,1,0,0,1,0,1,0,1
562,0.80,0.79,0.00,1,0,0,1,0,0,0,1,1,0,0,1,0,1,1,0,1,0
563,0.29,0.30,0.33,1,0,1,0,0,0,1,0,1,0,1,0,0,1,0,1,0,1
564,0.53,0.31,0.00,0,1,0,0,1,0,0,1,0,1,1,0,0,1,0,1,0,1
565,0.24,0.34,0.00,0,1,0,0,0,1,0,1,0,1,0,1,1,0,1,0,1,0
566,0.51,0.30,0.00,0,1,0,0,0,1,0,1,1,0,1,0,0,1,0,1,1,0
567,0.02,0.21,0.67,1,0,1,0,0,0,0,1,0,1,0,1,0,1,1,0,1,0
568,0.39,0.42,0.00,1,0,0,0,0,1,0,1,0,1,0,1,0,1,1,0,1,0
569,0.63,0.22,0.33,0,1,1,0,0,0,1,0,0,1,0,1,0,1,0,1,0,1
570,0.63,0.49,1.00,1,0,0,1,0,0,1,0,0,1,1,0,0,1,1,0,1,0
571,0.45,0.54,0.00,0,1,1,0,0,0,0,1,1,0,1,0,1,0,1,0,1,0
572,0.31,0.39,0.67,1,0,0,0,1,0,1,0,1,0,0,1,0,1,1,0,0,1
573,0.43,0.30,0.67,0,1,0,0,0,1,0,1,0,1,0,1,0,1,1,0,1,0
574,0.51,0.40,0.00,1,0,1,0,0,0,0,1,0,1,0,1,0,1,1,0,1,0
575,0.39,0.44,0.00,0,1,0,0,0,1,0,1,1,0,0,1,0,1,0,1,1,0
576,0.12,0.24,0.33,1,0,0,0,0,1,0,1,0,1,0,1,0,1,1,0,0,1
577,0.90,0.69,0.00,0,1,0,0,0,1,0,1,0,1,0,1,1,0,1,0,0,1
578,0.00,0.02,0.00,0,1,1,0,0,0,1,0,1,0,0,1,0,1,0,1,1,0
579,0.59,0.35,0.00,1,0,0,0,0,1,0,1,0,1,1,0,1,0,1,0,1,0
580,0.92,0.81,0.67,0,1,0,0,1,0,0,1,0,1,0,1,1,0,0,1,0,1
581,0.04,0.13,0.67,0,1,0,0,0,1,0,1,0,1,1,0,0,1,0,1,1,0
582,0.57,0.29,1.00,1,0,0,0,0,1,1,0,1,0,0,1,1,0,1,0,1,0
583,0.59,0.41,0.67,1,0,0,1,0,0,1,0,0,1,0,1,0,1,1,0,1,0
584,0.31,0.32,0.33,0,1,0,0,0,1,0,1,1,0,0,1,0,1,0,1,0,1
585,0.04,0.08,1.00,0,1,0,0,0,1,1,0,0,1,0,1,0,1,1,0,1,0
586,0.04,0.23,0.33,0,1,1,0,0,0,0,1,1,0,1,0,0,1,1,0,0,1
587,0.51,0.45,0.33,1,0,0,0,0,1,1,0,0,1,0,1,1,0,1,0,0,1
588,0.82,0.77,0.00,0,1,0,1,0,0,0,1,1,0,0,1,0,1,1,0,1,0
589,0.22,0.13,0.33,0,1,0,0,1,0,0,1,0,1,0,1,0,1,1,0,1,0
590,0.14,0.32,0.00,0,1,1,0,0,0,0,1,1,0,1,0,1,0,1,0,1,0
591,0.45,0.46,0.67,1,0,1,0,0,0,1,0,1,0,0,1,0,1,0,1,0,1
592,0.61,0.26,0.00,0,1,0,0,0,1,0,1,1,0,0,1,0,1,1,0,1,0
593,0.96,0.80,0.67,0,1,0,0,1,0,0,1,1,0,0,1,0,1,1,0,0,1
594,0.84,0.45,1.00,1,0,0,1,0,0,0,1,0,1,0,1,0,1,0,1,1,0
595,0.88,0.72,0.67,1,0,1,0,0,0,1,0,0,1,0,1,0,1,0,1,1,0
596,0.24,0.08,0.00,1,0,1,0,0,0,0,1,0,1,0,1,0,1,1,0,1,0
597,0.27,0.19,0.00,1,0,0,0,0,1,0,1,0,1,0,1,1,0,1,0,0,1
598,0.22,0.17,0.00,0,1,1,0,0,0,0,1,1,0,0,1,1,0,0,1,1,0
599,0.41,0.37,0.00,0,1,0,0,0,1,1,0,0,1,1,0,0,1,0,1,0,1
